Model,Mean CV Score,Accuracy,Precision,Recall,F1 Score
Logistic Regression,0.5,0.6,0.6304347826086957,0.90625,0.7435897435897436
Decision Tree,0.45,0.46,0.6086956521739131,0.4375,0.509090909090909
Random Forest,0.49000000000000005,0.58,0.6571428571428571,0.71875,0.6865671641791045
